{"mean":{"confidence_interval":{"confidence_level":0.95,"lower_bound":-0.028617566343773503,"upper_bound":-0.02284108318208833},"point_estimate":-0.02545159414544318,"standard_error":0.0014810745330005102},"median":{"confidence_interval":{"confidence_level":0.95,"lower_bound":-0.024233671152133374,"upper_bound":-0.02039851511772628},"point_estimate":-0.021932345643853712,"standard_error":0.0011186664765496315}}